-- Generation time: Mon, 23 Dec 2019 10:56:47 +0000
-- Host: mysql.hostinger.ro
-- DB name: u574849695_21
/*!40030 SET NAMES UTF8 */;
/*!40101 SET @OLD_CHARACTER_SET_CLIENT=@@CHARACTER_SET_CLIENT */;
/*!40101 SET @OLD_CHARACTER_SET_RESULTS=@@CHARACTER_SET_RESULTS */;
/*!40101 SET @OLD_COLLATION_CONNECTION=@@COLLATION_CONNECTION */;
/*!40103 SET @OLD_TIME_ZONE=@@TIME_ZONE */;
/*!40103 SET TIME_ZONE='+00:00' */;
/*!40014 SET @OLD_UNIQUE_CHECKS=@@UNIQUE_CHECKS, UNIQUE_CHECKS=0 */;
/*!40014 SET @OLD_FOREIGN_KEY_CHECKS=@@FOREIGN_KEY_CHECKS, FOREIGN_KEY_CHECKS=0 */;
/*!40101 SET @OLD_SQL_MODE=@@SQL_MODE, SQL_MODE='NO_AUTO_VALUE_ON_ZERO' */;
/*!40111 SET @OLD_SQL_NOTES=@@SQL_NOTES, SQL_NOTES=0 */;

DROP TABLE IF EXISTS `communities`;
CREATE TABLE `communities` (
  `id` bigint(20) unsigned NOT NULL AUTO_INCREMENT,
  `name` varchar(150) COLLATE utf8_unicode_ci DEFAULT NULL,
  PRIMARY KEY (`id`),
  KEY `communities_name_idx` (`name`)
) ENGINE=InnoDB AUTO_INCREMENT=16 DEFAULT CHARSET=utf8 COLLATE=utf8_unicode_ci;

INSERT INTO `communities` VALUES ('12','adipisci'),
('9','amet'),
('4','commodi'),
('3','culpa'),
('7','fugiat'),
('11','ipsum'),
('10','magnam'),
('6','minima'),
('1','omnis'),
('15','omnis'),
('8','perspiciatis'),
('2','qui'),
('5','similique'),
('14','voluptatem'),
('13','voluptatum'); 


DROP TABLE IF EXISTS `friend_requests`;
CREATE TABLE `friend_requests` (
  `initiator_user_id` bigint(20) unsigned NOT NULL,
  `target_user_id` bigint(20) unsigned NOT NULL,
  `status` enum('requested','approved','unfriended','declined') COLLATE utf8_unicode_ci DEFAULT NULL,
  `requested_at` datetime DEFAULT current_timestamp(),
  `confirmed_at` datetime DEFAULT NULL,
  PRIMARY KEY (`initiator_user_id`,`target_user_id`),
  KEY `initiator_user_id` (`initiator_user_id`),
  KEY `target_user_id` (`target_user_id`),
  CONSTRAINT `friend_requests_ibfk_1` FOREIGN KEY (`initiator_user_id`) REFERENCES `users` (`id`),
  CONSTRAINT `friend_requests_ibfk_2` FOREIGN KEY (`target_user_id`) REFERENCES `users` (`id`)
) ENGINE=InnoDB DEFAULT CHARSET=utf8 COLLATE=utf8_unicode_ci;

INSERT INTO `friend_requests` VALUES ('1','1','declined','2003-06-30 23:18:15','2007-12-08 20:42:55'),
('2','2','approved','1999-08-21 08:40:40','2007-05-24 15:07:41'),
('3','3','unfriended','2014-12-07 18:45:44','2009-04-06 22:24:22'),
('4','4','requested','1981-02-13 01:36:41','2017-07-22 06:52:52'),
('5','5','approved','2005-01-28 19:30:43','1975-11-05 07:41:38'),
('6','6','approved','2007-10-16 18:14:55','2010-12-11 15:08:39'),
('7','7','declined','1981-12-12 07:35:10','1996-01-12 19:27:28'),
('8','8','requested','1982-06-11 10:21:40','1980-04-29 15:18:11'),
('9','9','requested','1972-12-08 20:48:06','1985-07-02 02:31:20'),
('10','10','unfriended','2016-01-28 11:31:15','2019-08-30 21:14:10'),
('11','11','approved','2004-05-21 13:05:27','1989-06-29 15:52:54'),
('12','12','requested','1972-10-11 05:11:21','1989-03-06 04:44:30'),
('13','13','approved','1970-07-16 08:12:40','1992-01-15 23:26:53'),
('14','14','unfriended','2013-07-02 19:21:45','2001-03-11 20:48:23'),
('15','15','declined','2018-09-07 14:08:57','1970-10-20 05:39:57'),
('16','16','requested','1981-03-21 05:07:31','2019-03-03 06:44:32'),
('17','17','declined','2013-07-21 05:10:34','1993-04-03 15:04:59'),
('18','18','unfriended','1999-10-22 17:02:45','1982-07-06 09:12:00'),
('19','19','declined','2014-05-16 02:41:45','2016-05-05 00:57:17'),
('20','20','requested','1986-04-04 02:29:13','1995-01-16 12:28:17'),
('21','21','requested','1976-10-22 07:52:02','1985-06-26 11:17:11'),
('22','22','requested','2003-03-31 16:21:02','1992-07-17 07:03:34'),
('23','23','unfriended','2018-10-27 08:23:13','1980-07-17 16:03:44'),
('24','24','approved','2000-09-06 20:11:53','2019-06-25 23:38:19'),
('25','25','requested','2008-06-28 14:50:44','1990-11-25 17:36:55'),
('26','26','declined','1995-08-02 18:12:16','2018-10-26 17:58:42'),
('27','27','requested','1974-02-17 00:24:21','1988-05-23 12:37:45'),
('28','28','declined','1992-12-22 13:27:50','2015-08-02 15:43:50'),
('29','29','approved','2013-11-22 14:57:16','1990-01-28 23:55:24'),
('30','30','approved','1996-04-09 17:11:18','2017-09-29 15:46:48'),
('31','31','declined','1970-09-28 01:00:49','2013-10-06 04:44:10'),
('32','32','approved','1989-12-03 13:34:21','1970-11-24 04:54:55'),
('33','33','declined','1972-09-16 14:41:28','1979-02-20 14:57:14'),
('34','34','requested','1984-05-27 17:04:39','2001-07-09 15:17:03'),
('35','35','declined','1988-04-28 10:22:37','2012-01-17 06:47:33'); 


DROP TABLE IF EXISTS `geners`;
CREATE TABLE `geners` (
  `id` bigint(20) unsigned NOT NULL AUTO_INCREMENT,
  `name` varchar(50) COLLATE utf8_unicode_ci DEFAULT NULL,
  PRIMARY KEY (`id`),
  KEY `name` (`name`)
) ENGINE=InnoDB AUTO_INCREMENT=8 DEFAULT CHARSET=utf8 COLLATE=utf8_unicode_ci;

INSERT INTO `geners` VALUES ('3','dicta'),
('7','et'),
('1','inventore'),
('5','minus'),
('2','nesciunt'),
('6','rerum'),
('4','unde'); 


DROP TABLE IF EXISTS `likes`;
CREATE TABLE `likes` (
  `id` bigint(20) unsigned NOT NULL AUTO_INCREMENT,
  `user_id` bigint(20) unsigned NOT NULL,
  `media_id` bigint(20) unsigned NOT NULL,
  `created_at` datetime DEFAULT current_timestamp(),
  PRIMARY KEY (`id`)
) ENGINE=InnoDB AUTO_INCREMENT=101 DEFAULT CHARSET=utf8 COLLATE=utf8_unicode_ci;

INSERT INTO `likes` VALUES ('1','1','1','2004-11-16 23:08:56'),
('2','2','2','1980-12-28 00:54:20'),
('3','3','3','1984-03-18 12:26:41'),
('4','4','4','1995-11-23 12:59:37'),
('5','5','5','1992-09-30 19:30:13'),
('6','6','6','1994-12-29 13:43:58'),
('7','7','7','2016-03-04 10:35:13'),
('8','8','8','1974-07-31 22:22:15'),
('9','9','9','2014-11-01 08:56:40'),
('10','10','10','1984-04-05 19:58:33'),
('11','11','11','2013-05-01 04:48:25'),
('12','12','12','1978-06-16 13:20:09'),
('13','13','13','1996-03-11 19:23:48'),
('14','14','14','1990-12-14 10:54:14'),
('15','15','15','1973-03-16 20:41:28'),
('16','16','16','2000-09-24 08:29:15'),
('17','17','17','2011-04-27 19:37:55'),
('18','18','18','1972-01-28 12:21:43'),
('19','19','19','1991-01-27 02:01:25'),
('20','20','20','1989-12-27 01:07:15'),
('21','21','21','1993-02-18 21:11:58'),
('22','22','22','2011-08-12 09:35:29'),
('23','23','23','2019-01-15 19:05:43'),
('24','24','24','2005-08-25 20:00:11'),
('25','25','25','1992-01-03 05:38:39'),
('26','26','26','1995-01-14 13:44:04'),
('27','27','27','1975-04-02 03:49:16'),
('28','28','28','1979-08-06 21:56:31'),
('29','29','29','1974-05-06 08:45:56'),
('30','30','30','1976-06-06 22:23:54'),
('31','31','31','1978-12-29 18:16:46'),
('32','32','32','1989-07-11 02:49:11'),
('33','33','33','1983-02-02 23:19:03'),
('34','34','34','1989-04-01 15:01:31'),
('35','35','35','1990-05-13 07:08:00'),
('36','1','36','1970-07-04 07:19:58'),
('37','2','37','1980-05-29 21:33:57'),
('38','3','38','2010-03-24 20:44:08'),
('39','4','39','1998-07-24 00:04:12'),
('40','5','40','1976-04-19 21:04:33'),
('41','6','41','1981-08-22 23:00:14'),
('42','7','42','2017-02-26 19:11:01'),
('43','8','43','2000-01-02 03:03:41'),
('44','9','44','1991-08-26 12:03:05'),
('45','10','45','1999-05-02 08:24:47'),
('46','11','46','1988-06-29 10:53:47'),
('47','12','47','1978-04-22 08:43:05'),
('48','13','48','1972-03-18 15:54:55'),
('49','14','49','2010-07-06 15:25:48'),
('50','15','50','2005-01-31 16:21:42'),
('51','16','51','2006-07-04 02:23:18'),
('52','17','52','2013-08-03 07:08:02'),
('53','18','53','2014-09-03 22:11:16'),
('54','19','54','1975-06-14 21:49:24'),
('55','20','55','1991-12-31 14:02:22'),
('56','21','56','1976-03-31 21:21:24'),
('57','22','57','1994-06-19 00:26:56'),
('58','23','58','1987-12-02 21:42:33'),
('59','24','59','2011-07-05 03:48:11'),
('60','25','60','1988-11-13 23:57:50'),
('61','26','61','2013-04-24 18:17:56'),
('62','27','62','2006-01-03 22:48:38'),
('63','28','63','2012-02-01 22:36:46'),
('64','29','64','1977-05-02 02:30:07'),
('65','30','65','1978-10-03 03:09:33'),
('66','31','66','2012-07-18 09:58:00'),
('67','32','67','2007-03-05 22:31:41'),
('68','33','68','1990-10-14 14:56:31'),
('69','34','69','2007-10-16 03:24:57'),
('70','35','70','2005-06-13 17:43:22'),
('71','1','71','1997-12-03 11:00:13'),
('72','2','72','1979-10-29 05:40:35'),
('73','3','73','1970-08-22 00:22:33'),
('74','4','74','2003-06-20 18:26:44'),
('75','5','75','2019-08-05 10:07:48'),
('76','6','76','1971-04-06 18:00:57'),
('77','7','77','2014-11-18 00:38:13'),
('78','8','78','1987-09-07 02:07:02'),
('79','9','79','1982-09-19 23:28:10'),
('80','10','80','1980-07-16 10:04:18'),
('81','11','81','2016-07-16 04:09:56'),
('82','12','82','1981-01-10 02:55:44'),
('83','13','83','2012-02-02 22:36:30'),
('84','14','84','1984-12-18 22:55:21'),
('85','15','85','1981-04-12 04:13:08'),
('86','16','86','1974-02-19 04:19:04'),
('87','17','87','1988-04-23 12:57:25'),
('88','18','88','1981-04-24 08:59:25'),
('89','19','89','1984-04-17 13:11:26'),
('90','20','90','2018-06-01 14:37:08'),
('91','21','91','1995-11-06 02:38:11'),
('92','22','92','2014-05-19 01:33:08'),
('93','23','93','1990-06-02 00:45:05'),
('94','24','94','1979-11-22 21:59:33'),
('95','25','95','1992-10-30 04:03:57'),
('96','26','96','2016-12-26 09:26:53'),
('97','27','97','1998-02-03 15:38:20'),
('98','28','98','1979-06-14 12:19:43'),
('99','29','99','2015-10-29 18:42:17'),
('100','30','100','1975-02-19 09:13:41'); 


DROP TABLE IF EXISTS `media`;
CREATE TABLE `media` (
  `id` bigint(20) unsigned NOT NULL AUTO_INCREMENT,
  `media_type_id` bigint(20) unsigned NOT NULL,
  `user_id` bigint(20) unsigned NOT NULL,
  `body` text COLLATE utf8_unicode_ci DEFAULT NULL,
  `filename` varchar(255) COLLATE utf8_unicode_ci DEFAULT NULL,
  `size` int(11) DEFAULT NULL,
  `metadata` longtext CHARACTER SET utf8mb4 COLLATE utf8mb4_bin DEFAULT NULL,
  `created_at` datetime DEFAULT current_timestamp(),
  `updated_at` datetime DEFAULT current_timestamp() ON UPDATE current_timestamp(),
  PRIMARY KEY (`id`),
  KEY `user_id` (`user_id`),
  KEY `media_type_id` (`media_type_id`),
  CONSTRAINT `media_ibfk_1` FOREIGN KEY (`user_id`) REFERENCES `users` (`id`),
  CONSTRAINT `media_ibfk_2` FOREIGN KEY (`media_type_id`) REFERENCES `media_types` (`id`)
) ENGINE=InnoDB AUTO_INCREMENT=151 DEFAULT CHARSET=utf8 COLLATE=utf8_unicode_ci;

INSERT INTO `media` VALUES ('1','1','1','Rerum aut deleniti sint. Recusandae molestiae voluptas voluptates maiores quos molestiae quis. Quaerat voluptatum magni qui et deleniti. Est et dolor ut qui nihil et.','soluta','0',NULL,'2004-10-14 21:58:55','1988-03-11 06:55:44'),
('2','2','2','Quis qui et est adipisci. Consectetur est saepe ullam officia assumenda totam. Quibusdam voluptate veritatis sit est sunt reprehenderit pariatur natus.','ipsa','5029',NULL,'1980-05-03 07:42:46','2006-10-05 20:12:35'),
('3','3','3','Ipsa aut fugit vero culpa omnis enim voluptates. Recusandae magni id voluptas sit quod et dolores. Ea qui laborum excepturi dolore delectus asperiores fugiat. Aut rerum reprehenderit qui fuga. Nihil sequi id rerum ex quia vel eligendi.','quam','71756030',NULL,'1983-12-17 17:24:55','1975-01-12 05:32:00'),
('4','4','4','Numquam iure eius ducimus culpa et eos explicabo. Autem consequatur ut deserunt et. Ut autem et qui quisquam earum.','enim','0',NULL,'1982-03-21 22:39:12','1979-07-06 01:29:25'),
('5','5','5','Voluptatem qui maxime sapiente molestias id vero. Nobis aliquam ipsam et sit velit.','a','45298895',NULL,'1978-12-28 10:07:49','1985-09-05 15:09:05'),
('6','6','6','Recusandae et omnis magnam iusto voluptatem ex. Magni voluptates sint totam.','eius','27015733',NULL,'1999-04-29 21:50:46','1996-10-05 07:29:40'),
('7','7','7','Quia nulla doloribus molestiae et asperiores voluptas molestias. Sapiente aut sed dolores et nam. Ut vitae cumque accusantium tenetur voluptatem esse culpa.','dolor','932550824',NULL,'1992-01-16 10:46:08','2006-07-18 18:41:17'),
('8','8','8','Occaecati amet amet consequatur sunt tempore. Asperiores qui ab voluptatem non fuga adipisci laborum accusantium.','consequatur','2',NULL,'1985-01-24 16:48:29','1999-06-10 05:34:17'),
('9','9','9','Quas quis saepe quos repudiandae. Delectus cum voluptas sit repellendus. Alias similique officiis non dolorem qui incidunt. Nisi ducimus consequatur dolor et quia eum.','totam','4',NULL,'1996-05-10 18:11:59','2012-11-17 17:12:38'),
('10','10','10','Ratione cumque voluptas quibusdam doloribus perspiciatis tempore illo. Rem voluptatem delectus voluptas sapiente aut. Eaque et necessitatibus saepe et commodi.','inventore','899',NULL,'2010-08-12 08:13:58','1984-08-23 03:05:03'),
('11','1','11','Sapiente nihil sequi amet laboriosam consequuntur totam quaerat. Sed corporis quia odit dolor nostrum. Nemo quae fuga magni error.','ut','7',NULL,'1975-04-27 18:31:35','1980-01-04 23:46:43'),
('12','2','12','Eos quibusdam ex et odio cupiditate. Repellendus et commodi aut harum est deleniti. Dignissimos autem aut sed sunt aut. Harum pariatur ad laborum consequatur facilis ex molestiae est.','et','627',NULL,'2001-11-24 05:47:29','2016-02-29 10:03:19'),
('13','3','13','Iusto iusto nam voluptatem laborum. Qui possimus qui aliquid dolores. Excepturi a iure qui beatae.','voluptate','6307579',NULL,'1988-04-25 02:18:02','2002-01-13 04:00:11'),
('14','4','14','Facilis eos iste quia est molestias minus quod. Qui sequi aut maiores qui ratione fugiat libero corrupti. Nostrum non eum modi quia ratione doloribus. Cumque recusandae recusandae quidem in molestiae beatae modi.','est','82601',NULL,'1993-03-21 11:30:14','1999-01-12 06:40:48'),
('15','5','15','Esse consequatur et debitis voluptatem. Adipisci voluptatem ea molestias. Eius ullam consequatur dicta ea sed ut. Voluptatibus et minima ab qui.','sunt','610',NULL,'1991-06-25 20:26:58','1997-09-04 04:10:11'),
('16','6','16','Ea aliquid laborum excepturi non dolorem ab. A ex dolor eum. Quo qui officia non. Nihil eligendi dolorem quibusdam.','omnis','246101',NULL,'2017-09-02 10:07:10','2015-05-16 15:32:31'),
('17','7','17','Ut vel officiis vero repellendus ex doloremque est placeat. Veritatis aut corporis sequi. Repudiandae ut distinctio voluptatum debitis magni quo voluptas ut.','ut','121438',NULL,'1971-06-05 16:28:23','1990-06-08 00:24:25'),
('18','8','18','Architecto magni reiciendis explicabo voluptatibus accusantium at omnis. Maxime exercitationem asperiores ut tempore est illum tempore magnam. Molestiae eos ratione non explicabo nemo velit. Expedita vel ut incidunt dolore reiciendis repellendus ea. Repudiandae quam rem possimus amet quos.','officia','528493113',NULL,'2001-03-14 16:06:36','1999-08-26 15:45:54'),
('19','9','19','Fuga consequatur consequatur necessitatibus. Corrupti nulla ad unde ut. Tempora veniam sequi at reprehenderit atque inventore.','ipsa','253',NULL,'2012-12-27 14:54:44','1995-05-22 07:53:33'),
('20','10','20','Sed voluptatem earum dolores. Fugiat facere velit doloremque nobis voluptatum necessitatibus et. Fugit atque illo harum non unde at.','distinctio','73790',NULL,'1986-02-09 00:38:28','1979-02-21 06:03:19'),
('21','1','21','Neque in nobis dolor consectetur voluptatem qui. Aliquid et minus illo est facilis iste a laudantium. Ad eos alias vel eum in sed.','ut','33625',NULL,'1980-11-23 05:59:08','1995-11-23 12:44:58'),
('22','2','22','Ut maiores aliquid sed nostrum quis quod dolor distinctio. Culpa et fugiat sapiente reprehenderit. Perspiciatis quidem in quaerat aut et mollitia.','voluptates','8125931',NULL,'1972-07-24 19:04:30','1994-10-25 00:49:11'),
('23','3','23','Provident perferendis culpa tenetur sapiente excepturi voluptatibus maiores. Odio quidem dolores placeat quae architecto ad atque. Rerum culpa et voluptas. Quo voluptas quia incidunt et tenetur veniam.','ullam','4673',NULL,'2008-04-07 01:55:53','1975-06-20 00:09:20'),
('24','4','24','Corporis maxime aut laboriosam accusantium. Dolorem sit eos sunt natus. Voluptatem iusto quas voluptates accusantium sed praesentium voluptatem.','magnam','7651',NULL,'1972-04-07 22:03:44','2014-10-25 11:27:47'),
('25','5','25','Aut ut fugiat fugiat in dolor esse aut saepe. Voluptas placeat excepturi accusantium rerum.','voluptates','0',NULL,'1975-07-14 22:21:49','2008-09-28 12:07:23'),
('26','6','26','Sed veniam id molestias culpa voluptatem. Veniam fugit perferendis eum aut est et. Sapiente placeat ut ducimus tempore quisquam.','eos','60561961',NULL,'1970-10-01 15:13:13','1982-03-24 13:40:04'),
('27','7','27','Similique aut ipsam facere aperiam sint. Et omnis est hic perspiciatis quod.','explicabo','607',NULL,'1996-03-03 17:26:44','1986-02-28 06:32:03'),
('28','8','28','Magnam eveniet veritatis omnis enim voluptas modi iusto. Debitis quae reprehenderit beatae ratione atque quis. Distinctio voluptas cupiditate quam aliquam doloremque. Doloremque eos quis ipsa est sequi doloribus illum.','vero','0',NULL,'1986-03-29 05:17:34','1994-08-04 06:10:23'),
('29','9','29','Sed ut assumenda odio odio. Nihil sint nesciunt ut esse. Ut veritatis in hic repellat. Quis sit dicta eos ratione omnis.','quibusdam','6',NULL,'1992-03-29 18:16:42','2005-10-09 23:33:45'),
('30','10','30','Quibusdam esse aspernatur qui nesciunt. Repellat quas fuga sunt commodi incidunt. Rerum et possimus minus unde.','eius','689',NULL,'1976-06-08 13:01:47','2015-05-30 20:43:07'),
('31','1','31','Nemo unde deserunt perferendis quo voluptas quo magnam. Aliquid voluptas ipsam culpa rerum eum sed. Iure similique fuga beatae id. Quaerat laborum minus laborum in et id minus. Dolores ducimus nobis quas dolorum at explicabo.','alias','5',NULL,'2015-01-13 22:20:38','1974-12-26 15:25:33'),
('32','2','32','Veritatis repellendus hic et quia soluta delectus quos sequi. Harum aut sed odio voluptates laborum sit laboriosam et. Consequatur itaque libero rerum.','sint','892',NULL,'1983-04-25 21:38:57','1970-08-15 03:26:38'),
('33','3','33','Quidem architecto minus nemo at aspernatur. Quae officia modi ut cum sint ea. Veniam nam nisi ut dolores ut sit. Repellendus sequi recusandae placeat sint.','in','32544',NULL,'2014-09-19 18:51:55','2002-11-23 10:32:33'),
('34','4','34','Modi dolor cum ut possimus quisquam. In dolorum odit perferendis neque est sed est. Aliquam temporibus voluptas qui modi culpa quia omnis.','ab','353404',NULL,'1989-10-31 10:18:53','1973-05-02 23:39:28'),
('35','5','35','Molestias et quo qui laudantium. Voluptatum provident iure cum eos exercitationem quisquam. Ducimus corporis incidunt et tenetur molestiae. Voluptas et magnam molestiae blanditiis.','dolores','8748',NULL,'1998-11-15 04:01:59','1996-07-15 23:27:59'),
('36','6','1','Aut odio sint nam quia aliquid maxime atque. Non id perferendis perferendis harum. Sequi atque minima corporis libero. Suscipit ut dolor dolores est laudantium.','culpa','765969',NULL,'2018-12-24 16:25:46','1986-02-12 19:42:48'),
('37','7','2','Aut similique qui reiciendis. Cumque magnam vel quas recusandae maxime consequatur perferendis. Eligendi est numquam accusamus doloribus.','porro','86',NULL,'1978-08-05 11:03:33','2003-12-12 16:52:21'),
('38','8','3','Iure ipsam ullam consequatur eligendi ut doloribus velit. Totam illum nostrum voluptatem et dolores quo dolore. Quis a architecto eos veniam.','tempore','3323693',NULL,'1978-07-16 13:41:10','1975-11-13 15:44:34'),
('39','9','4','Fuga consequatur animi non ut magni. Et reprehenderit iste aut non. Ipsum repellat nesciunt fugit omnis sunt.','accusantium','522297',NULL,'1982-02-08 01:40:13','1987-09-10 01:19:24'),
('40','10','5','Quia ad et corrupti quidem. Commodi voluptas eius assumenda. Et quisquam beatae dicta quaerat ullam numquam. Sed deleniti iusto rerum.','neque','26082564',NULL,'2016-10-06 22:55:23','1970-10-13 16:59:17'),
('41','1','6','Dolorum recusandae velit velit ut autem quaerat dolorem. Distinctio totam id labore recusandae assumenda dignissimos. Delectus eum est ea minima aut. Tenetur exercitationem nemo omnis cum dolores minus quia. Atque sit voluptas ut et.','est','355842430',NULL,'1997-02-18 12:03:14','2001-04-22 19:12:23'),
('42','2','7','Beatae consequatur suscipit veritatis aspernatur. Et voluptate quaerat vel quas soluta. Eum commodi nihil optio et. Perspiciatis voluptatibus aut eum et animi.','sit','302',NULL,'2018-08-14 20:30:41','1991-07-30 17:51:55'),
('43','3','8','Nam atque eveniet omnis non. Dolorum laborum sunt porro et. Consequatur enim vitae ducimus sed aut ea.','minus','8658',NULL,'2012-05-03 14:24:26','2010-12-25 14:37:40'),
('44','4','9','Consequuntur enim eligendi quasi eveniet qui. Dolor voluptas aliquid est veritatis officiis id. Et et incidunt culpa consequatur aut. Minima culpa possimus beatae veritatis ut.','velit','600065',NULL,'2008-03-18 09:17:06','1988-04-29 22:17:20'),
('45','5','10','Eos laborum asperiores ut rerum. Dolor sit iure sint quos. Facilis ut repellat laborum quos.','esse','131064489',NULL,'1973-06-28 20:41:46','1992-09-06 07:17:55'),
('46','6','11','Voluptatem sapiente sed animi dolorum cum quos expedita. Aut aut quis excepturi qui nam officiis. Repellendus dolores asperiores quam itaque ut et occaecati.','voluptas','6',NULL,'1989-06-20 23:14:57','2016-09-01 15:11:19'),
('47','7','12','Possimus aliquam debitis ad laborum labore aspernatur. Accusantium accusantium quis numquam nam. Dolorum maxime perferendis repellat et esse ex. Qui debitis sapiente nemo ullam voluptatem eum maiores. Esse iste eos perspiciatis dolore perferendis dolorem praesentium.','distinctio','578573974',NULL,'1977-03-03 12:24:46','1985-11-25 05:22:21'),
('48','8','13','Possimus iusto ut architecto dolores. Quisquam occaecati atque maxime quam. Totam nobis perspiciatis quasi vel eveniet. Voluptatem commodi fugiat fugit possimus dolorem.','perferendis','0',NULL,'2008-08-26 20:54:09','2014-09-03 10:27:19'),
('49','9','14','Veritatis delectus voluptatem culpa odio aliquam voluptas. Temporibus vel optio consequatur dolores. Ut aut quia dolor rem. Id dolorem vel amet amet. Aut et voluptates sunt similique.','voluptatem','3',NULL,'1974-02-11 10:36:30','2011-12-28 12:58:35'),
('50','10','15','Deserunt et dolor et rerum. Sunt eaque non quo facere aut. Accusamus ut voluptates unde tempora. Labore saepe et libero aut dolorem impedit aut.','fugit','524169276',NULL,'1989-05-27 15:30:02','1990-03-20 01:51:19'),
('51','1','16','Est autem possimus aut ut minus soluta. Quas eos sit deleniti vero earum laudantium. Illum sint excepturi tempora est nulla id similique eos. Repellat alias modi quisquam et.','perspiciatis','4',NULL,'2007-02-06 12:11:53','1986-05-04 13:35:49'),
('52','2','17','Soluta animi laudantium sint sed maxime est. Quia nobis suscipit sunt consectetur sapiente quibusdam est distinctio. Sequi sint fugit qui atque consectetur est.','in','0',NULL,'2016-04-27 15:38:29','2011-08-01 00:55:07'),
('53','3','18','Ut omnis cumque aut minima ut. Explicabo tempora voluptatem qui rerum dolore ut nihil. Quis repudiandae saepe omnis consequuntur.','possimus','283271451',NULL,'2017-09-07 10:03:58','1994-08-19 18:59:56'),
('54','4','19','Omnis qui aliquam sed quia. Et asperiores rerum et. Officia est minus excepturi inventore ex et enim et. Accusantium harum laudantium ut.','sunt','44',NULL,'2013-12-04 14:15:49','2002-04-18 19:06:36'),
('55','5','20','Maiores voluptatem ipsum officia consequatur nulla sint. Ipsam odio sed eum qui. Eum et temporibus tempora nobis eum maxime explicabo. Quibusdam nesciunt omnis aspernatur commodi dolores.','exercitationem','419',NULL,'2006-08-05 08:31:38','2017-02-01 23:15:34'),
('56','6','21','Molestias nisi adipisci nisi aut ut velit sit. Ex labore earum ut ipsum voluptas ex. Voluptas aut quaerat quia. Hic ea aspernatur est dolorem.','quibusdam','68398795',NULL,'2012-05-31 18:59:29','1970-01-25 19:51:25'),
('57','7','22','Repudiandae et perspiciatis ea. Ratione officia voluptatem sed accusantium cupiditate aut. Quia doloremque rerum aut. Ut dolores autem voluptas amet explicabo et.','laboriosam','63501',NULL,'1998-01-12 05:27:04','2004-08-31 17:27:19'),
('58','8','23','Quam nisi error fugiat quo maiores. Quia ut deleniti quia dignissimos.','impedit','419423156',NULL,'1976-09-11 00:49:36','1983-10-13 01:31:41'),
('59','9','24','Repellendus architecto et sapiente dolor qui minima. Commodi unde optio enim et enim et. Rem impedit et sunt aliquid odio aliquam. Fugiat odio quam necessitatibus eum. Excepturi aliquam aut hic.','dolorum','81',NULL,'2015-09-14 08:18:03','2016-04-11 10:05:03'),
('60','10','25','Voluptas quia ut mollitia commodi. Expedita est aliquid molestiae et ullam nesciunt deleniti. Nesciunt est velit quae asperiores culpa nostrum et atque. Ipsa velit earum dolores ut.','repudiandae','20',NULL,'1992-03-20 14:05:34','1991-07-02 17:06:13'),
('61','1','26','Soluta consequatur tempore dolores eligendi nulla aut neque saepe. Totam ipsum distinctio sint est et et. Consequatur eum id unde ea cumque nostrum. Dolorem dicta dolore neque sapiente quam.','tempore','9',NULL,'2007-03-02 00:44:19','2001-02-18 01:03:20'),
('62','2','27','Tempore totam ipsam similique sed sequi qui. Fuga deleniti autem provident culpa voluptas voluptatem consequatur perferendis. Fugiat eos labore dignissimos dolorum voluptate.','labore','41180843',NULL,'1991-04-29 19:19:15','2018-10-26 00:48:26'),
('63','3','28','Veniam aliquam quo maxime alias sit sint. Doloribus eligendi voluptatem inventore modi perspiciatis blanditiis. Sed praesentium vero repellendus aliquid aliquam nulla.','consequatur','25440488',NULL,'2016-04-28 12:48:07','2008-11-08 21:49:46'),
('64','4','29','A sit numquam voluptatum deserunt. In quia eligendi eligendi id natus voluptas. Enim non non fuga id rem voluptatibus rerum laborum. Fugit non dolores similique unde sequi est debitis.','ut','539435',NULL,'1982-05-18 14:58:12','2008-06-15 15:57:44'),
('65','5','30','Deserunt laboriosam esse nostrum molestias. Perferendis necessitatibus rerum sequi sed omnis molestiae. Ut est minima ipsam in quod dolorum est rerum.','blanditiis','87263',NULL,'1989-01-18 19:24:04','2014-02-27 10:59:05'),
('66','6','31','Voluptatem est esse aut ex voluptatem eaque. Recusandae architecto ut quia nihil. Beatae temporibus quisquam dolores architecto possimus id. Et ipsam molestiae quos velit est.','quis','11637829',NULL,'2015-11-08 15:05:32','2000-08-26 03:05:16'),
('67','7','32','Sint et vero facere nihil recusandae voluptatem qui id. Est fugit magni at suscipit quis voluptas. Alias adipisci fuga voluptatibus vero quod itaque et voluptatem. Voluptatem sed repellendus id et voluptatibus minima.','aspernatur','523',NULL,'1970-05-28 05:27:56','1988-01-25 01:02:57'),
('68','8','33','Qui inventore aliquam doloribus expedita nemo autem natus aliquid. Ut vel optio ut optio placeat adipisci. Quia est tempora consectetur quaerat. Necessitatibus voluptas aperiam qui ut sint dolores.','eos','3',NULL,'2001-01-28 10:23:10','2009-08-23 14:53:49'),
('69','9','34','Id non quae ab ut qui. Et est autem numquam laudantium id accusamus. At corporis nostrum maiores molestiae inventore impedit.','autem','7419',NULL,'1976-12-28 15:36:23','1997-06-28 00:09:18'),
('70','10','35','Quod architecto suscipit officiis qui ut voluptas. Consequatur esse commodi sunt earum. Cum occaecati sed perferendis nam autem.','dolorem','39',NULL,'1992-09-24 11:41:54','1998-03-08 09:41:13'),
('71','1','1','Hic velit voluptatem ea magni molestias. Optio et dolores dolor officiis ex delectus. Eaque voluptas dolores corporis nemo. Cupiditate sit est hic et.','nam','777658222',NULL,'2014-01-31 01:12:32','2003-03-06 02:03:03'),
('72','2','2','Quia quidem nisi nulla enim dolor. Voluptates sunt voluptatum ex similique eos explicabo hic. Dicta debitis dolor sint consectetur.','repudiandae','246616363',NULL,'1998-06-20 21:34:18','2001-03-04 23:59:42'),
('73','3','3','Molestias repellat natus cupiditate similique. Dolor pariatur quo dignissimos sapiente.','consequatur','669120573',NULL,'1991-03-29 08:30:53','1994-05-18 05:55:09'),
('74','4','4','Atque quaerat ut totam saepe vitae consequatur. Optio similique quia consequuntur. Quos sit expedita repellat mollitia excepturi officia. Maxime eveniet quisquam libero quam quibusdam ipsa.','vitae','693893089',NULL,'2002-06-02 00:35:17','1976-05-19 05:28:37'),
('75','5','5','Culpa corrupti rerum optio et sit eligendi. Deleniti ad ut illo a. A omnis cumque quod officia. Illo possimus sunt explicabo minus.','aut','54876159',NULL,'2006-08-16 23:08:40','1999-02-23 02:50:29'),
('76','6','6','Vel animi optio enim saepe commodi porro qui. Illum tempora rem temporibus. Qui labore adipisci minima.','exercitationem','545927837',NULL,'1991-05-11 06:28:07','1989-09-02 00:11:25'),
('77','7','7','Deleniti nihil eos rem unde molestiae provident temporibus. Suscipit dolore excepturi adipisci dignissimos numquam. Repellendus amet earum recusandae at.','occaecati','9207',NULL,'2012-01-10 17:17:28','2001-02-05 13:41:00'),
('78','8','8','Eius ut harum et at ipsa ipsum. Excepturi vel blanditiis molestiae eum. Consequatur inventore et dolor impedit aut fuga quis.','sit','39925',NULL,'1994-05-17 22:53:57','1978-12-25 19:25:26'),
('79','9','9','Quia veniam voluptatem ipsum voluptatem. Nulla dolores in repellendus consequatur quasi eos aspernatur. Est magni quis velit non sint. Commodi totam accusantium autem qui molestiae deserunt. Eos velit quia nihil esse rerum error.','minus','644',NULL,'1987-10-09 08:40:36','2003-04-22 20:11:04'),
('80','10','10','Id non laborum sunt ut. Placeat et ex aut et sint libero eos. Rerum dolores aut vero omnis.','officiis','0',NULL,'1991-01-02 03:13:34','2001-11-16 14:35:11'),
('81','1','11','Quidem accusantium odio iste voluptatem itaque sequi. Corrupti dignissimos qui earum dolores dolores quo nulla. Quasi iusto rerum suscipit et quaerat. Est et qui praesentium qui.','in','9115',NULL,'2015-01-20 23:41:05','1980-06-08 05:46:55'),
('82','2','12','Debitis voluptas repellendus et in quibusdam autem. Voluptatum rerum ut quia necessitatibus eum. Natus aspernatur eius rerum illo esse est quo. Est est sed velit ullam.','quia','9279',NULL,'1989-02-28 11:39:21','1993-12-27 18:49:59'),
('83','3','13','Qui repellat dolor voluptatem optio explicabo qui. Et consectetur sit quas illum. Et vitae minus aspernatur sed ducimus. Dolorem ducimus quia voluptatem et consectetur.','voluptatibus','8',NULL,'2015-03-09 20:11:51','1996-11-30 03:25:27'),
('84','4','14','Voluptatem fuga porro unde veniam laboriosam assumenda quidem. Debitis aut placeat odit sit. Nemo molestiae repudiandae ipsam similique dolores sit et.','ut','17',NULL,'1985-01-23 02:17:38','1990-07-09 21:06:03'),
('85','5','15','Quo ea aut quia eum qui eos ut. Facere atque et facilis quis rem autem. Sequi consequatur debitis est. Similique perferendis accusantium adipisci alias et expedita.','eveniet','7688414',NULL,'1996-02-05 10:05:26','2003-09-02 05:36:32'),
('86','6','16','Minima ex optio et commodi omnis voluptates aut. Itaque incidunt voluptatibus recusandae ut odio aut nostrum. Dolor ipsum odit dolorum non velit rerum porro quisquam.','officiis','0',NULL,'1977-05-24 08:51:52','1991-04-01 15:50:48'),
('87','7','17','Ab ipsa quia est velit molestiae dolor iusto sed. Nihil adipisci sapiente et delectus beatae dolor ut impedit. Et nemo sed tempore impedit doloribus architecto. Recusandae quaerat nisi excepturi officiis ea nulla.','reprehenderit','0',NULL,'2008-11-28 00:20:37','2017-12-19 13:37:36'),
('88','8','18','Minus deserunt numquam voluptatem rerum. Perferendis quo et molestias aut maxime ab. Et voluptatem officiis sequi. Ducimus voluptate possimus quo rem ut laborum. Enim dicta in debitis veniam et dolor rerum.','quis','0',NULL,'1978-09-26 04:02:54','2006-07-12 16:01:46'),
('89','9','19','A laudantium non et itaque. Aut provident molestias minus eveniet. Dolor ut qui accusantium temporibus.','veritatis','62740',NULL,'1980-11-30 00:00:36','2016-07-14 23:56:19'),
('90','10','20','Doloremque rerum dolor odit libero. Qui corrupti qui non magni impedit. Temporibus accusantium voluptas omnis reprehenderit.','culpa','268769',NULL,'2018-11-26 13:24:35','2019-03-29 05:30:17'),
('91','1','21','A facere fugit id adipisci adipisci dolorem ullam. Qui velit nisi provident voluptatem quae. Voluptas laudantium incidunt quas explicabo iusto sed ullam.','eos','9',NULL,'1992-12-28 12:34:28','1981-02-08 05:34:18'),
('92','2','22','Est praesentium voluptas incidunt vel quia sint molestiae. Voluptas sit iure voluptatem praesentium explicabo. Quae officia aut voluptate eaque. Consequatur quia sint libero voluptas.','odio','0',NULL,'1979-11-05 10:07:48','2000-04-11 22:56:04'),
('93','3','23','Qui ducimus sit ut at magnam. At quod sunt at temporibus quia. Voluptatum autem dolores et sit ea consequatur adipisci rerum. Aperiam et iste autem eum minus atque quibusdam et.','sit','6',NULL,'2002-04-07 02:39:51','2007-09-02 11:57:48'),
('94','4','24','Molestiae voluptatum ut iste. Odio qui accusamus ad vel doloremque natus eveniet molestias. Minus ut totam minima labore.','vitae','53740',NULL,'2013-05-17 16:07:06','2019-10-15 03:39:19'),
('95','5','25','Sit mollitia molestias quasi laborum exercitationem. Quis est quos ut harum earum nesciunt quaerat. Quasi deleniti ea praesentium similique exercitationem corporis eius ipsa. Iste quo ea voluptas vel nesciunt aut. Suscipit molestias recusandae sunt et delectus id.','laboriosam','9563523',NULL,'2010-07-19 08:40:13','1973-10-19 01:30:44'),
('96','6','26','Et omnis rerum sapiente perferendis dolorem odit reprehenderit. Dolores voluptatem quidem ut dignissimos sequi. Nisi tenetur quos possimus ad.','et','2838394',NULL,'1977-10-28 06:04:04','1972-07-19 07:42:47'),
('97','7','27','Magni veritatis rerum porro eos occaecati et. Quia debitis non saepe rerum necessitatibus sit quod quia.','consequuntur','0',NULL,'1975-04-24 01:30:18','1999-12-21 02:29:37'),
('98','8','28','In autem incidunt id aut sint rerum ratione. Voluptas dolorem aut aut et laborum tenetur voluptatem. Debitis ea facilis dolor illum sed et porro. Voluptatem eaque magni eveniet sequi sit veniam aut.','sint','345184942',NULL,'1993-01-07 21:26:47','1970-06-16 01:07:34'),
('99','9','29','Suscipit magni repudiandae et similique est est culpa. Repellat illum rerum animi quidem quidem ab. Velit est magni et quisquam.','ut','0',NULL,'1986-06-27 07:22:48','2015-02-08 08:32:50'),
('100','10','30','Dicta voluptatum quo beatae fuga amet. Magni quisquam eius aut laboriosam facilis facilis. Accusamus possimus aut molestiae expedita. Amet in odit optio et ea sed.','id','329608206',NULL,'2006-03-27 10:05:39','2011-03-22 07:20:38'),
('101','1','31','Numquam sunt sequi iusto autem error. Quia culpa sunt eum aperiam sint. Sunt velit error deleniti nihil. Deserunt et dolor occaecati.','voluptatem','9',NULL,'1983-09-19 07:46:50','1989-05-17 00:16:41'),
('102','2','32','Laudantium qui nemo accusantium et et iure. Voluptas id aliquam alias sit omnis illo labore. Sit harum sint veritatis non id. A est expedita esse sit nesciunt.','voluptas','200629549',NULL,'1979-12-28 17:22:14','1997-06-23 22:36:44'),
('103','3','33','Repellendus ut eius corrupti et minima modi odio consectetur. Qui officiis facilis reiciendis officiis sed et sint. Dicta aliquid ut labore magni exercitationem sit.','quasi','3609',NULL,'1976-12-11 18:11:03','2006-11-29 05:08:20'),
('104','4','34','Quo voluptates ut eos pariatur. Nihil maxime ut illum aut officiis. Omnis aperiam vel sit et et ipsam.','dolor','3802339',NULL,'1987-05-01 19:49:24','2005-11-26 09:16:34'),
('105','5','35','Voluptatibus et quia quia quis vel distinctio cumque eum. Corporis vel vel sint. Magnam omnis suscipit veritatis consequatur.','fugiat','3',NULL,'1978-11-19 11:06:25','2006-04-23 14:57:01'),
('106','6','1','Fuga ipsam sunt voluptatum vero. Eius harum iusto eaque. Consequuntur omnis dolorum molestiae officia cupiditate. Omnis voluptates aut et libero.','et','0',NULL,'2010-11-05 07:48:50','1988-02-16 22:02:46'),
('107','7','2','Iure sit temporibus dignissimos possimus quaerat. Quod rerum quibusdam reprehenderit voluptatem autem. Quo similique deserunt incidunt. Veniam consequuntur eius omnis molestias.','commodi','777263116',NULL,'2018-05-26 13:17:32','2000-02-03 23:46:22'),
('108','8','3','Harum quis facilis voluptas in esse voluptas id veniam. Aut eum sit dicta. Asperiores porro beatae soluta assumenda aut impedit mollitia. Aut illo ex eius omnis dolor exercitationem.','iste','78546597',NULL,'2014-01-30 22:01:35','2006-03-06 13:33:49'),
('109','9','4','Enim facilis cum neque qui magni non. Aspernatur commodi enim voluptates nam unde et. Deleniti incidunt ea repellendus sit molestiae est.','neque','9',NULL,'2008-07-16 14:12:33','2001-02-04 22:49:20'),
('110','10','5','Qui vitae ullam qui et excepturi provident qui. Officia soluta a numquam ducimus consequatur dolores et. Rerum nesciunt error veniam quod odit quos. Deleniti consequatur consequatur id repellendus earum est.','ut','701585',NULL,'2012-03-04 20:16:54','2008-02-15 10:17:29'),
('111','1','6','Pariatur quos natus eveniet iusto ut reiciendis accusantium. Neque dolores recusandae dolor harum. Et rerum consequatur ex molestias natus.','dolorum','6511',NULL,'2013-08-18 21:38:40','2016-10-24 11:28:24'),
('112','2','7','Temporibus error quibusdam veritatis. Quia repellat iste ut itaque culpa. Et et id rerum est vero accusantium alias. Minima molestiae nemo est modi facilis dolorem explicabo.','pariatur','54695025',NULL,'2002-01-10 09:56:51','2003-08-18 03:40:19'),
('113','3','8','Eos non commodi et et voluptatibus neque officiis. Enim et adipisci quis et. Eos aut aliquid nesciunt. Autem molestias eius molestiae dolorum quia minus ratione.','aliquam','0',NULL,'2016-08-18 07:01:22','2006-06-22 20:02:52'),
('114','4','9','Ea reiciendis libero est nesciunt ea. Et quod expedita omnis voluptates officia. Vel corporis laudantium ut consectetur ut. Vitae aut voluptatem voluptatem veniam rerum.','laudantium','69084962',NULL,'2017-10-25 21:36:47','2003-07-04 04:32:15'),
('115','5','10','Iste magni aut deserunt est et necessitatibus vitae. Placeat ab impedit nobis quia sunt pariatur molestiae. Ut alias distinctio quo quam temporibus et ex quos. Ducimus expedita ea autem accusamus blanditiis. Saepe praesentium magni explicabo et velit.','quia','708848',NULL,'2002-08-19 10:50:04','2002-12-09 00:06:15'),
('116','6','11','Dignissimos sed incidunt enim accusamus error. Eligendi quia libero cupiditate quia. Voluptatibus nam omnis qui autem nihil impedit vero. Sapiente expedita eius qui alias.','quibusdam','7059034',NULL,'1992-06-13 04:39:23','2006-01-07 11:28:55'),
('117','7','12','Ut rem expedita repellat rerum. Odio explicabo sit laboriosam dolor voluptate quod. Nostrum similique aliquam porro alias dolorum dignissimos. Sed dolorum quas a consequatur.','et','68095493',NULL,'1979-02-06 01:09:13','2018-11-13 03:40:50'),
('118','8','13','Officia voluptas sed quod quasi eveniet maxime eius molestiae. Et maiores at magnam. Voluptatem voluptatem earum aut qui atque qui fugiat.','error','1749',NULL,'2003-12-29 01:28:29','1986-10-18 07:38:55'),
('119','9','14','Aut et quasi at totam. Enim temporibus tempore consequatur est rem ab molestiae. Distinctio vitae officia quisquam officiis iure est eos. Nostrum voluptatibus facere commodi sit quaerat fuga.','rerum','8',NULL,'1992-04-15 19:50:13','1979-06-29 03:41:05'),
('120','10','15','Accusamus vitae soluta maxime dicta. Culpa non dolores placeat rem et fugiat. Quod repellendus ipsum consequatur id aut est aperiam saepe.','iste','88717',NULL,'2019-10-30 20:35:40','1985-03-24 00:49:11'),
('121','1','16','Tenetur atque nihil suscipit et iste dolorem. Est dolor voluptatem odit qui quae. Corrupti magni quis illum laudantium. Vitae molestiae id rem sed.','quo','0',NULL,'2016-09-15 00:58:47','1981-03-26 16:35:33'),
('122','2','17','Sit officiis non necessitatibus nemo quaerat. Qui amet nihil minima sapiente dolores. Quasi enim omnis fugit eius explicabo. Voluptas ut quod aliquam esse.','cum','145525',NULL,'1980-06-05 13:02:36','1977-10-25 02:32:05'),
('123','3','18','Ut fuga non excepturi veritatis ut. Quia quasi facilis repellat ducimus esse autem. Et consequatur voluptatem totam. Voluptatibus iste numquam et corrupti.','accusantium','938630',NULL,'1970-11-09 20:43:11','1976-07-20 12:35:03'),
('124','4','19','Beatae repellat consequuntur assumenda blanditiis maxime qui. Cupiditate quia totam velit soluta veritatis error. Adipisci mollitia consectetur est possimus omnis eligendi totam.','quia','8',NULL,'2004-05-22 19:24:45','2006-05-19 18:29:56'),
('125','5','20','Et velit voluptatem quis rerum. Autem omnis et corporis mollitia consequatur aut. Distinctio minima at minus aut labore nisi.','quia','63476',NULL,'2006-12-11 01:51:33','2007-07-15 10:29:18'),
('126','6','21','Aut optio corporis vero dolores debitis. Illo assumenda non in quo aut cum atque laudantium. Architecto sunt ut et in alias. Quos et qui qui et.','quaerat','94654077',NULL,'2014-04-25 23:39:50','1999-02-25 07:22:04'),
('127','7','22','Inventore animi ex saepe quia et necessitatibus. Et enim eius occaecati ex. Blanditiis veniam non placeat occaecati repellat ad et. Quo qui autem est aspernatur provident.','ex','1',NULL,'1982-11-19 10:08:01','1991-04-30 11:26:26'),
('128','8','23','Quo vel ipsum excepturi. Voluptatibus perferendis atque qui voluptatem neque vel. Et velit aut ut omnis labore et. Temporibus quae quaerat tempore qui nostrum in. Dolores culpa ullam magni aut corrupti et.','consequatur','36132184',NULL,'1971-10-26 00:56:51','1997-08-30 08:03:53'),
('129','9','24','Explicabo nulla ut eum explicabo dolor iure laudantium tempore. Eum ut rerum accusamus mollitia beatae quam dicta. Cupiditate quia ipsam atque fuga delectus. Distinctio molestiae maxime at error libero.','tenetur','984223',NULL,'2015-12-19 04:03:56','1979-01-24 07:58:20'),
('130','10','25','Nesciunt porro voluptas neque recusandae qui esse amet dolorum. Sit sed unde commodi perspiciatis. Dolorem ipsum a qui numquam aut unde non. Voluptatem aperiam itaque minima eveniet possimus.','occaecati','62588376',NULL,'2003-09-10 08:18:22','1997-09-17 10:55:39'),
('131','1','26','Unde atque laudantium saepe quaerat. Dolorem explicabo exercitationem blanditiis quo pariatur natus. In ut et sed porro. Atque voluptas dignissimos molestias.','eius','362',NULL,'1981-03-13 23:34:01','1975-06-05 05:27:51'),
('132','2','27','Nemo dicta quisquam eaque quisquam optio amet hic. Tenetur debitis cum eos error et. Praesentium quam iusto accusamus aut.','voluptatem','5431814',NULL,'1980-03-02 23:08:07','1989-06-17 14:15:04'),
('133','3','28','Dolorem aspernatur voluptatem aspernatur dicta qui ullam accusamus. Et aperiam aut et voluptatem labore repellendus. Omnis eligendi vero eum accusamus.','dolor','540',NULL,'2000-12-01 09:04:17','1972-03-29 22:39:31'),
('134','4','29','Autem ea in nihil culpa. Mollitia nemo ea et consequatur et. Ipsum excepturi voluptas ex asperiores architecto.','eos','555834535',NULL,'1994-04-18 14:38:23','1986-12-21 23:28:16'),
('135','5','30','Ut ea quidem minima et ut voluptatem cum. Ducimus blanditiis sunt quasi rerum dolores voluptas.','illum','351',NULL,'1999-03-24 16:43:55','2019-08-11 12:20:02'),
('136','6','31','Qui ut qui quaerat impedit voluptatem commodi. Laboriosam dolore porro voluptatem repellendus sed est. Enim inventore provident voluptatem. Voluptate consectetur perspiciatis porro est quo magni.','officia','30876',NULL,'1996-02-15 09:19:08','1999-01-08 15:38:16'),
('137','7','32','Nesciunt non vitae officiis. Necessitatibus itaque in architecto dolorem facere. Excepturi harum reiciendis esse corporis quo fuga cum. Cumque quos qui tempora dolorem voluptas nostrum. Accusantium magnam voluptatem ipsa nulla sint et adipisci.','porro','57977195',NULL,'1981-10-04 09:34:27','1980-11-30 13:55:22'),
('138','8','33','Dolorem rerum est magnam inventore rerum. Autem in dolor magni odio. Minima qui ipsa et sit itaque et.','assumenda','8',NULL,'2017-08-08 07:49:38','2003-03-16 09:01:09'),
('139','9','34','Libero inventore earum aperiam sunt sit sed natus. Dolorum inventore earum laboriosam excepturi velit animi ex. Autem in labore vitae quas voluptatem. Itaque omnis sapiente qui necessitatibus autem dignissimos.','numquam','45',NULL,'2004-08-25 00:09:12','1991-05-20 03:12:11'),
('140','10','35','Fugiat repellendus sit libero optio ut aliquid ut. Dolor quaerat aliquam illum vitae maiores. Facere harum ab minus asperiores similique consequatur.','animi','5462',NULL,'2017-08-20 19:56:47','1984-02-28 15:49:34'),
('141','1','1','Itaque dolorem voluptatem facilis quod animi dolore exercitationem. Et vero provident quia alias velit earum ea sunt. Quod magnam vero et dolorum earum eveniet culpa.','rerum','958323',NULL,'1998-07-02 07:54:15','1979-01-28 18:22:59'),
('142','2','2','At dolorum repellendus aspernatur a dignissimos in quidem. Earum nemo inventore blanditiis et odit velit. Necessitatibus eligendi voluptatem accusamus reprehenderit perferendis nihil dicta dolor. Quas sapiente rerum est dolor labore eum eligendi.','facilis','786',NULL,'1977-11-19 18:19:56','1989-05-18 05:59:47'),
('143','3','3','Perferendis ad accusamus quasi qui incidunt nisi. Illo placeat quae labore ipsam vel. Totam error commodi eligendi nesciunt laudantium laudantium.','reprehenderit','7321',NULL,'1993-11-21 17:54:17','1974-04-07 20:30:17'),
('144','4','4','Animi aut perferendis officia quasi dolor. Doloremque quasi distinctio deleniti sequi. Aut temporibus rem molestias reprehenderit provident.','rerum','21254',NULL,'1976-06-01 11:31:42','1984-02-21 01:18:52'),
('145','5','5','Et voluptatem veritatis accusantium eveniet consequuntur in. Ut quod facilis repellendus qui consequatur. Eos omnis voluptas exercitationem similique error velit possimus. Molestiae molestiae est maiores quia.','laboriosam','419',NULL,'1994-05-24 01:45:05','2010-11-05 16:32:51'),
('146','6','6','Dicta rerum voluptatem necessitatibus possimus eveniet. Quis rerum et fugiat repudiandae consequatur corporis voluptatem. Nobis id nostrum placeat. Incidunt a qui exercitationem magni.','voluptates','358811433',NULL,'2018-05-17 21:36:21','1986-07-11 12:54:04'),
('147','7','7','Et placeat numquam nisi ipsum. Nesciunt quae non perferendis accusamus. Sapiente suscipit pariatur esse impedit sed ea.','vero','29417',NULL,'2011-12-21 21:34:52','2002-05-21 04:01:00'),
('148','8','8','Tempore dignissimos sint hic. Ut non autem nam. Quo minima vel voluptatem porro dolor sed nisi.','tempore','1',NULL,'1975-11-05 13:34:10','2015-01-27 13:03:07'),
('149','9','9','Praesentium ipsa ipsum praesentium eos voluptas ab quo. Quis perferendis earum quo beatae error tempore. Similique eveniet dolores eligendi qui.','et','91',NULL,'2012-07-21 01:35:14','2017-04-17 16:47:36'),
('150','10','10','Voluptatem harum voluptas cumque velit et. Voluptatem dolor et qui ex aspernatur ad.','dolor','7910330',NULL,'2003-02-04 23:17:36','2009-09-20 08:01:18'); 


DROP TABLE IF EXISTS `media_types`;
CREATE TABLE `media_types` (
  `id` bigint(20) unsigned NOT NULL AUTO_INCREMENT,
  `name` varchar(255) COLLATE utf8_unicode_ci DEFAULT NULL,
  `created_at` datetime DEFAULT current_timestamp(),
  `updated_at` datetime DEFAULT current_timestamp() ON UPDATE current_timestamp(),
  PRIMARY KEY (`id`)
) ENGINE=InnoDB AUTO_INCREMENT=11 DEFAULT CHARSET=utf8 COLLATE=utf8_unicode_ci;

INSERT INTO `media_types` VALUES ('1','sit','1989-01-27 11:24:10','2004-02-01 00:07:45'),
('2','eum','2007-10-13 10:45:45','1994-06-07 06:35:53'),
('3','impedit','2004-11-24 09:50:11','2002-04-04 23:40:13'),
('4','labore','2019-06-06 05:57:45','1970-02-13 06:31:14'),
('5','quis','1988-04-29 06:41:30','1973-07-09 08:02:31'),
('6','voluptas','2000-04-09 12:01:16','1998-07-17 04:15:33'),
('7','nihil','2019-01-02 22:30:17','1996-06-07 04:30:18'),
('8','qui','2012-06-25 01:21:01','1975-10-05 18:40:13'),
('9','esse','2018-08-07 19:49:54','1993-06-04 16:47:52'),
('10','et','2003-10-13 11:05:19','1982-12-05 04:05:42'); 


DROP TABLE IF EXISTS `messages`;
CREATE TABLE `messages` (
  `id` bigint(20) unsigned NOT NULL AUTO_INCREMENT,
  `from_user_id` bigint(20) unsigned NOT NULL,
  `to_user_id` bigint(20) unsigned NOT NULL,
  `body` text COLLATE utf8_unicode_ci DEFAULT NULL,
  `created_at` datetime DEFAULT current_timestamp(),
  PRIMARY KEY (`id`),
  KEY `messages_from_user_id` (`from_user_id`),
  KEY `messages_to_user_id` (`to_user_id`),
  CONSTRAINT `messages_ibfk_1` FOREIGN KEY (`from_user_id`) REFERENCES `users` (`id`),
  CONSTRAINT `messages_ibfk_2` FOREIGN KEY (`to_user_id`) REFERENCES `users` (`id`)
) ENGINE=InnoDB AUTO_INCREMENT=51 DEFAULT CHARSET=utf8 COLLATE=utf8_unicode_ci;

INSERT INTO `messages` VALUES ('1','1','1','Maxime non libero adipisci similique soluta qui. Consectetur ut labore id mollitia maiores. Sit magni et eum modi molestias odit.','1996-04-27 17:56:09'),
('2','2','2','Pariatur aut deserunt ea similique pariatur. Dolore voluptates ratione qui dolores quia. Ipsum enim quam fugit distinctio perspiciatis non saepe. Facilis impedit totam optio nesciunt perferendis. Earum aut minima cupiditate qui numquam.','1994-09-07 15:21:01'),
('3','3','3','Voluptatem ducimus rem numquam in repellat eaque. Praesentium et corporis vel dolor. Dolores esse rerum et est eum. Voluptatem sit excepturi a modi soluta sit magni omnis.','2015-07-06 19:50:39'),
('4','4','4','Tempora et nam rerum quam enim asperiores pariatur. Ut perspiciatis molestiae debitis illo et quod repudiandae. Consequuntur et in dicta ipsam nesciunt sunt.','1988-04-06 10:57:46'),
('5','5','5','Cum maxime asperiores consequatur. Sed a ratione doloremque perspiciatis velit amet. Iusto ducimus labore esse distinctio quis accusamus sunt odio. Doloribus atque fugit quia.','1985-11-11 03:42:16'),
('6','6','6','Aperiam error optio veniam optio. Animi non aut delectus sed expedita. Et ad rem quia.','1986-08-12 01:17:50'),
('7','7','7','Laboriosam sed assumenda laboriosam magni sint. Temporibus doloremque enim temporibus totam in. Mollitia eum blanditiis necessitatibus neque omnis eveniet. Architecto iusto perspiciatis qui ea sit aspernatur facere.','2006-04-10 09:28:22'),
('8','8','8','Voluptate et atque aut saepe quis et eligendi. Mollitia quaerat enim qui quia aut illum praesentium. Voluptate sed repellendus odit qui. Dolores quia amet aliquid inventore accusamus corrupti. Voluptatem laborum quia accusantium.','1998-08-02 07:03:00'),
('9','9','9','Et laborum quibusdam eaque voluptatem nihil cumque libero earum. Magnam aperiam aut dicta recusandae ut sed. Consequatur eveniet voluptates consequuntur iusto saepe.','1988-05-30 17:24:34'),
('10','10','10','Ut eum mollitia distinctio accusantium ipsam eius vero. Quod tempora ratione sapiente quidem voluptatibus molestias cum. Quaerat aut laboriosam in unde iure tempora. Est perspiciatis iste dolores consequatur est tempora provident.','2002-01-09 15:05:39'),
('11','11','11','Alias natus cumque modi et. Aliquid inventore ea molestiae sint impedit et maxime delectus. Et ipsam omnis porro nostrum corrupti iusto facilis. Voluptatem inventore non quia repellendus quia iure maiores.','1987-09-28 14:37:36'),
('12','12','12','Quia eius voluptatibus dolorum reiciendis. Qui rem ab corporis assumenda molestias. Facere quo non iure qui error adipisci.','2006-04-08 09:27:25'),
('13','13','13','Aut reprehenderit nam ipsam cumque perspiciatis. Et animi numquam unde qui. Earum cumque reprehenderit exercitationem sit sunt quia aut. Enim quo mollitia est asperiores vel rem inventore. Voluptatibus sit molestiae praesentium provident delectus itaque.','2000-03-16 06:03:55'),
('14','14','14','Corporis praesentium quas et qui veniam sequi. Nobis quibusdam velit ad et qui et. Animi eum quisquam quibusdam aliquid.','1974-01-07 21:42:46'),
('15','15','15','Voluptatem non consectetur animi. Quis fugiat fuga natus autem qui repudiandae. Excepturi et omnis soluta tempora.','1983-09-10 17:32:00'),
('16','16','16','Fuga aut vel maiores dolore ut sed. Ut et autem et natus. Aut esse architecto atque aperiam esse repellendus. Totam molestiae officiis enim vel ut possimus ex.','2008-02-10 21:00:09'),
('17','17','17','Tenetur in a sed aut ut. Maiores qui saepe et odio illo accusantium. Laboriosam temporibus repudiandae impedit cupiditate itaque eius.','1986-11-23 10:29:13'),
('18','18','18','Sunt eum asperiores ipsa sapiente vitae dolore. Incidunt consequuntur eum quis et praesentium. Qui qui qui id ut magnam voluptatem.','2003-04-28 18:07:19'),
('19','19','19','Nihil eveniet reiciendis enim qui est aliquam mollitia ea. Qui aut voluptatem suscipit fugit est nisi blanditiis. Veritatis sunt quas et vitae dolor veniam. Architecto voluptatem sint similique nisi quia in mollitia.','1985-07-03 17:25:15'),
('20','20','20','Ea aspernatur qui deleniti ducimus cum. Exercitationem voluptas rem harum aut aliquam iste labore. Ipsam aliquam et voluptas repudiandae vitae nisi similique.','2007-10-16 15:57:52'),
('21','21','21','Cumque et quis expedita quo qui ratione ea. Quo consequatur aut ipsum similique et. Eaque assumenda minima aliquam ex minima. Itaque inventore itaque nobis ut.','1976-01-15 06:39:42'),
('22','22','22','Vel nulla et iusto. Qui eos laudantium placeat explicabo aut eveniet cumque. Ut repellendus dolorem tempora sit at et amet. Dolore mollitia molestiae eligendi voluptas velit.','2016-04-24 23:17:52'),
('23','23','23','Beatae vero consequatur qui aut itaque. Modi placeat cupiditate vel rem neque quasi. Officiis fuga veritatis nostrum et dolorem tenetur laudantium. Accusantium inventore voluptatem rem qui sint tempora amet fugit.','2017-06-26 14:22:17'),
('24','24','24','Occaecati inventore nemo est nobis. Necessitatibus rem voluptatem et exercitationem beatae labore. At dolorem quos magnam dolores.','1995-08-23 21:22:36'),
('25','25','25','Ut natus et esse soluta minus. Nulla eaque necessitatibus nisi dolores. Quae nisi et quae est voluptatem dolores molestiae.','2002-04-20 15:12:17'),
('26','26','26','Aut aliquid totam esse harum qui similique. Blanditiis labore minima rerum voluptatem est deserunt. Maiores molestias porro eos iusto. Distinctio voluptas aut sed hic qui quisquam.','1982-11-29 04:01:12'),
('27','27','27','Reprehenderit molestiae facilis et ut quidem deserunt. Quod in et dolores itaque eos. Sit qui quidem soluta ad harum qui omnis.','1989-02-14 03:55:43'),
('28','28','28','Ipsa magnam sed facilis quia et deserunt. Inventore iusto hic nihil consectetur veniam. Qui itaque amet eum dolorum ipsam rerum. Cupiditate quam numquam quo saepe et voluptatem.','1975-03-17 07:34:37'),
('29','29','29','Eos omnis ex ipsam qui deleniti explicabo voluptates. Est praesentium dolores vel nihil. Id ad tenetur aliquam ducimus. Temporibus dolorum consequatur harum.','1977-03-09 04:58:18'),
('30','30','30','Sapiente hic et quasi ullam nihil rem assumenda est. Eum minima est libero voluptas nisi. Eveniet et aut aspernatur voluptas ratione id voluptatem neque.','2012-03-01 19:07:28'),
('31','31','31','Fugiat eum enim pariatur velit et aut commodi necessitatibus. Omnis esse non consequuntur qui. Provident eum sed voluptate porro. Nesciunt dolor a dicta omnis.','2003-05-29 02:21:31'),
('32','32','32','Sit impedit vel quam odio eligendi incidunt. Ipsam explicabo voluptatibus est non. Aut sit et pariatur rem.','2010-02-17 08:37:14'),
('33','33','33','Qui maiores qui id consequuntur ipsa recusandae vel. Ab porro ex quia.','1973-01-06 14:27:32'),
('34','34','34','Omnis rerum esse pariatur doloremque provident consequatur doloribus dolorem. Est sint modi officia. Hic repudiandae et impedit voluptatem qui.','2002-01-03 13:14:58'),
('35','35','35','Aperiam omnis excepturi ut ea autem quia. Quia alias similique consequatur aut sequi ratione. Voluptatem ratione praesentium doloribus laboriosam facilis dolores.','2000-03-02 07:49:30'),
('36','1','1','Non quasi veniam aut est autem. Praesentium sed animi inventore tempore consequatur. Odit in animi itaque incidunt ratione reprehenderit. Officiis aspernatur dicta velit dignissimos suscipit nam unde.','1995-08-04 17:51:07'),
('37','2','2','Ad tempore fugiat culpa. Quaerat et sed iste nulla minima asperiores et. Veniam odio possimus voluptatibus placeat eligendi molestias aspernatur hic.','1983-12-18 00:21:12'),
('38','3','3','Vel recusandae dolores qui facere iste deserunt. Aut sequi in molestiae nam est corporis. Error adipisci qui perferendis facilis beatae aliquam. Quos cumque veritatis consectetur maxime id. Dicta earum tempora velit earum velit ducimus.','1995-08-27 20:32:40'),
('39','4','4','Saepe voluptatem velit sit natus est aliquam debitis. Est omnis officia harum quo repudiandae voluptas eveniet voluptates. Ad ex et id earum ea necessitatibus dignissimos. Enim dolor nostrum officia ut.','2006-03-29 06:41:23'),
('40','5','5','Magnam voluptates sint nemo voluptas. Unde exercitationem et molestiae sunt cupiditate. Assumenda incidunt consequatur cumque aliquid rerum ut. Aperiam voluptatem doloremque velit temporibus.','1975-08-05 20:32:39'),
('41','6','6','Voluptates corporis temporibus accusantium quo. Sit et delectus incidunt est esse maiores. Distinctio quo cupiditate laudantium eum velit ut cupiditate. Delectus quis assumenda est maxime dignissimos aut.','1978-05-17 09:09:27'),
('42','7','7','Optio voluptatem et aut corrupti. Eum voluptatem vel rerum ut voluptates reiciendis. Est facere fugit illo ipsam quasi iusto eum necessitatibus. Alias voluptatibus eos in.','1991-10-05 05:43:07'),
('43','8','8','Est velit nihil sed quas consequatur omnis et aut. Suscipit dolorum rerum sed cum. Et odit odio placeat accusamus odit labore.','2011-10-07 17:05:47'),
('44','9','9','Natus officiis in expedita occaecati. Beatae accusamus qui saepe sapiente et nisi qui. Autem veniam non eum.','2016-04-16 12:26:07'),
('45','10','10','Perferendis veritatis et neque placeat mollitia animi iure. Non natus est aliquid repellendus voluptatem necessitatibus. Aut numquam aut corrupti quo minima aut.','2012-09-28 21:35:22'),
('46','11','11','Aut sapiente quasi mollitia fugiat. Excepturi possimus et rerum. Officiis rem et sit amet. Itaque excepturi officiis animi officiis.','1978-05-15 05:09:23'),
('47','12','12','Commodi nihil possimus blanditiis illo non voluptate. Exercitationem qui quia repudiandae sequi consequatur quam ipsa. Facere unde labore vero rerum qui. Omnis et velit necessitatibus consequuntur optio modi.','2017-03-18 20:12:54'),
('48','13','13','Commodi quasi quos praesentium doloremque aliquam blanditiis nemo molestiae. Sapiente voluptas in cupiditate unde illo saepe. Distinctio mollitia repudiandae explicabo voluptas ex. Praesentium eum quam voluptatem et dolorum.','1974-06-15 13:05:27'),
('49','14','14','Autem quod placeat sed vel. Eum non est praesentium quis harum. Ipsam vel sequi temporibus consequatur atque commodi vero. Voluptatum eum cum nulla delectus. Officia officiis eligendi sint sit est quisquam.','1973-04-20 10:05:24'),
('50','15','15','Dicta vero soluta provident earum sit pariatur reprehenderit. Delectus sunt aut aperiam animi qui. Consequatur vitae quis culpa incidunt et ullam nesciunt. Iste et est recusandae aliquid ullam.','2017-02-09 19:38:50'); 


DROP TABLE IF EXISTS `photo_albums`;
CREATE TABLE `photo_albums` (
  `id` bigint(20) unsigned NOT NULL AUTO_INCREMENT,
  `name` varchar(255) COLLATE utf8_unicode_ci DEFAULT NULL,
  `user_id` bigint(20) unsigned DEFAULT NULL,
  PRIMARY KEY (`id`),
  UNIQUE KEY `id` (`id`),
  KEY `user_id` (`user_id`),
  CONSTRAINT `photo_albums_ibfk_1` FOREIGN KEY (`user_id`) REFERENCES `users` (`id`)
) ENGINE=InnoDB AUTO_INCREMENT=101 DEFAULT CHARSET=utf8 COLLATE=utf8_unicode_ci;

INSERT INTO `photo_albums` VALUES ('1','eveniet','1'),
('2','veritatis','2'),
('3','ad','3'),
('4','sapiente','4'),
('5','fugiat','5'),
('6','modi','6'),
('7','dolorem','7'),
('8','porro','8'),
('9','illum','9'),
('10','voluptate','10'),
('11','voluptatem','11'),
('12','ut','12'),
('13','atque','13'),
('14','corrupti','14'),
('15','illum','15'),
('16','repudiandae','16'),
('17','sunt','17'),
('18','ut','18'),
('19','reprehenderit','19'),
('20','eius','20'),
('21','ullam','21'),
('22','quas','22'),
('23','reprehenderit','23'),
('24','error','24'),
('25','quibusdam','25'),
('26','et','26'),
('27','incidunt','27'),
('28','a','28'),
('29','voluptatem','29'),
('30','saepe','30'),
('31','consequatur','31'),
('32','officiis','32'),
('33','unde','33'),
('34','culpa','34'),
('35','veritatis','35'),
('36','nihil','1'),
('37','sequi','2'),
('38','animi','3'),
('39','error','4'),
('40','maiores','5'),
('41','culpa','6'),
('42','laboriosam','7'),
('43','aut','8'),
('44','quod','9'),
('45','consequuntur','10'),
('46','est','11'),
('47','magni','12'),
('48','reiciendis','13'),
('49','iusto','14'),
('50','voluptas','15'),
('51','est','16'),
('52','consequatur','17'),
('53','non','18'),
('54','dicta','19'),
('55','mollitia','20'),
('56','dicta','21'),
('57','ut','22'),
('58','totam','23'),
('59','quis','24'),
('60','quia','25'),
('61','quam','26'),
('62','quam','27'),
('63','voluptatem','28'),
('64','ratione','29'),
('65','ut','30'),
('66','non','31'),
('67','aut','32'),
('68','aliquid','33'),
('69','harum','34'),
('70','eligendi','35'),
('71','eaque','1'),
('72','perferendis','2'),
('73','distinctio','3'),
('74','nostrum','4'),
('75','et','5'),
('76','molestiae','6'),
('77','autem','7'),
('78','rem','8'),
('79','aliquid','9'),
('80','suscipit','10'),
('81','aut','11'),
('82','dolor','12'),
('83','est','13'),
('84','temporibus','14'),
('85','modi','15'),
('86','dolorem','16'),
('87','et','17'),
('88','qui','18'),
('89','saepe','19'),
('90','molestiae','20'),
('91','est','21'),
('92','explicabo','22'),
('93','est','23'),
('94','tempore','24'),
('95','voluptatem','25'),
('96','omnis','26'),
('97','necessitatibus','27'),
('98','ipsam','28'),
('99','et','29'),
('100','ab','30'); 


DROP TABLE IF EXISTS `photos`;
CREATE TABLE `photos` (
  `id` bigint(20) unsigned NOT NULL AUTO_INCREMENT,
  `album_id` bigint(20) unsigned NOT NULL,
  `media_id` bigint(20) unsigned NOT NULL,
  PRIMARY KEY (`id`),
  KEY `album_id` (`album_id`),
  KEY `media_id` (`media_id`),
  CONSTRAINT `photos_ibfk_1` FOREIGN KEY (`album_id`) REFERENCES `photo_albums` (`id`),
  CONSTRAINT `photos_ibfk_2` FOREIGN KEY (`media_id`) REFERENCES `media` (`id`)
) ENGINE=InnoDB AUTO_INCREMENT=101 DEFAULT CHARSET=utf8 COLLATE=utf8_unicode_ci;

INSERT INTO `photos` VALUES ('1','1','1'),
('2','2','2'),
('3','3','3'),
('4','4','4'),
('5','5','5'),
('6','6','6'),
('7','7','7'),
('8','8','8'),
('9','9','9'),
('10','10','10'),
('11','11','11'),
('12','12','12'),
('13','13','13'),
('14','14','14'),
('15','15','15'),
('16','16','16'),
('17','17','17'),
('18','18','18'),
('19','19','19'),
('20','20','20'),
('21','21','21'),
('22','22','22'),
('23','23','23'),
('24','24','24'),
('25','25','25'),
('26','26','26'),
('27','27','27'),
('28','28','28'),
('29','29','29'),
('30','30','30'),
('31','31','31'),
('32','32','32'),
('33','33','33'),
('34','34','34'),
('35','35','35'),
('36','36','36'),
('37','37','37'),
('38','38','38'),
('39','39','39'),
('40','40','40'),
('41','41','41'),
('42','42','42'),
('43','43','43'),
('44','44','44'),
('45','45','45'),
('46','46','46'),
('47','47','47'),
('48','48','48'),
('49','49','49'),
('50','50','50'),
('51','51','51'),
('52','52','52'),
('53','53','53'),
('54','54','54'),
('55','55','55'),
('56','56','56'),
('57','57','57'),
('58','58','58'),
('59','59','59'),
('60','60','60'),
('61','61','61'),
('62','62','62'),
('63','63','63'),
('64','64','64'),
('65','65','65'),
('66','66','66'),
('67','67','67'),
('68','68','68'),
('69','69','69'),
('70','70','70'),
('71','71','71'),
('72','72','72'),
('73','73','73'),
('74','74','74'),
('75','75','75'),
('76','76','76'),
('77','77','77'),
('78','78','78'),
('79','79','79'),
('80','80','80'),
('81','81','81'),
('82','82','82'),
('83','83','83'),
('84','84','84'),
('85','85','85'),
('86','86','86'),
('87','87','87'),
('88','88','88'),
('89','89','89'),
('90','90','90'),
('91','91','91'),
('92','92','92'),
('93','93','93'),
('94','94','94'),
('95','95','95'),
('96','96','96'),
('97','97','97'),
('98','98','98'),
('99','99','99'),
('100','100','100'); 


DROP TABLE IF EXISTS `profiles`;
CREATE TABLE `profiles` (
  `user_id` bigint(20) unsigned NOT NULL AUTO_INCREMENT,
  `gender` char(1) COLLATE utf8_unicode_ci DEFAULT NULL,
  `birthday` date DEFAULT NULL,
  `photo_id` bigint(20) unsigned DEFAULT NULL,
  `created_at` datetime DEFAULT current_timestamp(),
  `hometown` varchar(100) COLLATE utf8_unicode_ci DEFAULT NULL,
  PRIMARY KEY (`user_id`),
  CONSTRAINT `profiles_ibfk_1` FOREIGN KEY (`user_id`) REFERENCES `users` (`id`) ON UPDATE CASCADE
) ENGINE=InnoDB AUTO_INCREMENT=36 DEFAULT CHARSET=utf8 COLLATE=utf8_unicode_ci;

INSERT INTO `profiles` VALUES ('1',NULL,'1980-09-18','1','1998-11-28 19:36:11',NULL),
('2',NULL,'1982-07-06','2','1996-04-25 07:42:35',NULL),
('3',NULL,'2012-07-20','3','2000-12-29 17:16:31',NULL),
('4',NULL,'1977-02-14','4','2007-04-14 01:40:38',NULL),
('5',NULL,'1990-01-11','5','1995-11-25 23:03:44',NULL),
('6',NULL,'2015-12-11','6','1981-04-23 23:33:44',NULL),
('7',NULL,'1982-08-01','7','1976-08-02 03:19:42',NULL),
('8',NULL,'1986-01-27','8','1971-02-16 21:19:25',NULL),
('9',NULL,'2004-02-03','9','1977-03-03 00:55:34',NULL),
('10',NULL,'2013-11-26','10','1977-04-02 19:54:49',NULL),
('11',NULL,'2010-10-10','11','1986-09-09 00:14:38',NULL),
('12',NULL,'2006-08-24','12','1997-12-25 03:31:08',NULL),
('13',NULL,'1977-03-09','13','2010-03-29 08:28:55',NULL),
('14',NULL,'2014-01-10','14','1972-02-20 01:29:11',NULL),
('15',NULL,'1991-03-03','15','1997-01-02 23:56:53',NULL),
('16',NULL,'2017-11-30','16','1970-07-20 03:58:36',NULL),
('17',NULL,'1975-05-22','17','2006-10-04 01:13:05',NULL),
('18',NULL,'2017-04-13','18','1993-08-02 04:45:10',NULL),
('19',NULL,'1998-12-02','19','1990-10-06 22:59:57',NULL),
('20',NULL,'1999-06-28','20','2015-08-06 23:47:43',NULL),
('21',NULL,'1990-05-25','21','2000-10-28 12:38:22',NULL),
('22',NULL,'2015-11-13','22','2013-03-30 15:10:12',NULL),
('23',NULL,'1988-12-30','23','1991-04-04 00:26:30',NULL),
('24',NULL,'1995-08-11','24','1988-03-01 03:30:19',NULL),
('25',NULL,'1994-02-20','25','1981-05-04 14:08:18',NULL),
('26',NULL,'1982-06-13','26','1973-11-29 03:04:06',NULL),
('27',NULL,'1988-09-20','27','1994-11-13 09:47:40',NULL),
('28',NULL,'1988-01-13','28','1972-02-18 02:19:59',NULL),
('29',NULL,'1974-04-02','29','1975-08-11 18:55:16',NULL),
('30',NULL,'1985-09-12','30','1973-10-07 15:40:09',NULL),
('31',NULL,'2013-09-07','31','2018-04-04 03:00:37',NULL),
('32',NULL,'2002-11-16','32','2008-12-11 21:44:59',NULL),
('33',NULL,'1976-12-25','33','1989-05-10 23:12:19',NULL),
('34',NULL,'2018-07-26','34','2001-05-28 18:09:29',NULL),
('35',NULL,'2015-03-28','35','1994-12-05 21:13:47',NULL); 


DROP TABLE IF EXISTS `song`;
CREATE TABLE `song` (
  `id` bigint(20) unsigned NOT NULL AUTO_INCREMENT,
  `name` varchar(100) COLLATE utf8_unicode_ci DEFAULT NULL,
  `singer` varchar(50) COLLATE utf8_unicode_ci DEFAULT NULL,
  `album_name` varchar(50) COLLATE utf8_unicode_ci DEFAULT NULL,
  `gener_id` bigint(20) unsigned NOT NULL,
  `downloading_time` datetime DEFAULT current_timestamp(),
  PRIMARY KEY (`id`),
  KEY `name` (`name`,`singer`),
  KEY `gener_id` (`gener_id`),
  CONSTRAINT `song_ibfk_1` FOREIGN KEY (`gener_id`) REFERENCES `geners` (`id`)
) ENGINE=InnoDB AUTO_INCREMENT=41 DEFAULT CHARSET=utf8 COLLATE=utf8_unicode_ci;

INSERT INTO `song` VALUES ('1','eum',NULL,'veritatis','1','1994-10-23 09:14:40'),
('2','sapiente',NULL,'dolorem','2','2012-04-22 02:53:49'),
('3','laboriosam',NULL,'debitis','3','1985-08-15 12:00:24'),
('4','eligendi',NULL,'consequuntur','4','2002-01-03 05:22:53'),
('5','ad',NULL,'fugiat','5','1998-07-26 12:28:10'),
('6','nisi',NULL,'illo','6','1981-10-27 02:13:30'),
('7','cupiditate',NULL,'quis','7','2004-09-23 19:41:19'),
('8','animi',NULL,'facilis','1','2007-07-31 02:43:10'),
('9','eos',NULL,'eum','2','2017-06-23 07:01:26'),
('10','impedit',NULL,'tempora','3','2003-04-20 01:24:42'),
('11','autem',NULL,'ad','4','1979-06-30 08:49:57'),
('12','expedita',NULL,'ut','5','1991-10-19 07:00:59'),
('13','officiis',NULL,'laudantium','6','2009-10-24 11:17:13'),
('14','commodi',NULL,'facilis','7','1990-02-26 02:54:48'),
('15','delectus',NULL,'ut','1','1970-12-11 16:35:13'),
('16','odit',NULL,'delectus','2','1998-04-12 21:14:55'),
('17','fugit',NULL,'voluptatibus','3','2018-07-28 05:44:38'),
('18','exercitationem',NULL,'cum','4','2003-07-22 02:34:03'),
('19','suscipit',NULL,'qui','5','1979-11-24 08:33:46'),
('20','optio',NULL,'earum','6','2006-01-26 06:23:41'),
('21','numquam',NULL,'aut','7','1982-08-10 18:10:12'),
('22','ut',NULL,'est','1','2000-08-08 08:18:35'),
('23','debitis',NULL,'omnis','2','1988-11-12 14:26:40'),
('24','deserunt',NULL,'officiis','3','2004-06-23 10:56:59'),
('25','id',NULL,'suscipit','4','1972-11-19 01:13:50'),
('26','sequi',NULL,'excepturi','5','2019-05-04 18:44:39'),
('27','reiciendis',NULL,'vero','6','1998-03-08 21:53:34'),
('28','sint',NULL,'in','7','1978-11-25 09:36:39'),
('29','perspiciatis',NULL,'corporis','1','1987-04-16 22:38:14'),
('30','quia',NULL,'cumque','2','1996-10-10 12:38:26'),
('31','magni',NULL,'dolor','3','2013-11-12 08:00:18'),
('32','ut',NULL,'provident','4','2017-12-27 20:23:25'),
('33','maxime',NULL,'officia','5','1979-10-23 14:03:58'),
('34','dolor',NULL,'hic','6','2005-09-26 04:25:55'),
('35','magni',NULL,'eaque','7','1995-01-11 07:33:21'),
('36','est',NULL,'quia','1','2013-04-16 03:06:24'),
('37','sed',NULL,'et','2','1994-10-09 06:33:43'),
('38','neque',NULL,'neque','3','1972-07-26 19:51:23'),
('39','consequatur',NULL,'delectus','4','1997-07-29 04:01:07'),
('40','et',NULL,'rerum','5','1999-02-25 09:32:25'); 


DROP TABLE IF EXISTS `user_playlist`;
CREATE TABLE `user_playlist` (
  `id` bigint(20) unsigned NOT NULL AUTO_INCREMENT,
  `name` varchar(50) COLLATE utf8_unicode_ci DEFAULT NULL,
  `user_id` bigint(20) unsigned DEFAULT NULL,
  `song_id` bigint(20) unsigned DEFAULT NULL,
  PRIMARY KEY (`id`),
  KEY `name` (`name`),
  KEY `user_id` (`user_id`),
  KEY `song_id` (`song_id`),
  CONSTRAINT `user_playlist_ibfk_1` FOREIGN KEY (`user_id`) REFERENCES `users` (`id`),
  CONSTRAINT `user_playlist_ibfk_2` FOREIGN KEY (`song_id`) REFERENCES `song` (`id`)
) ENGINE=InnoDB AUTO_INCREMENT=151 DEFAULT CHARSET=utf8 COLLATE=utf8_unicode_ci;

INSERT INTO `user_playlist` VALUES ('1','enim','1','1'),
('2','eligendi','2','2'),
('3','veniam','3','3'),
('4','perferendis','4','4'),
('5','nihil','5','5'),
('6','sequi','6','6'),
('7','dolorem','7','7'),
('8','eaque','8','8'),
('9','accusamus','9','9'),
('10','qui','10','10'),
('11','dolorum','11','11'),
('12','exercitationem','12','12'),
('13','hic','13','13'),
('14','dicta','14','14'),
('15','aut','15','15'),
('16','itaque','16','16'),
('17','necessitatibus','17','17'),
('18','et','18','18'),
('19','autem','19','19'),
('20','inventore','20','20'),
('21','quod','21','21'),
('22','eos','22','22'),
('23','distinctio','23','23'),
('24','vero','24','24'),
('25','quia','25','25'),
('26','omnis','26','26'),
('27','id','27','27'),
('28','tempora','28','28'),
('29','libero','29','29'),
('30','esse','30','30'),
('31','voluptas','31','31'),
('32','culpa','32','32'),
('33','dolorem','33','33'),
('34','eum','34','34'),
('35','modi','35','35'),
('36','doloremque','1','36'),
('37','libero','2','37'),
('38','quisquam','3','38'),
('39','commodi','4','39'),
('40','aut','5','40'),
('41','saepe','6','1'),
('42','provident','7','2'),
('43','ad','8','3'),
('44','velit','9','4'),
('45','tenetur','10','5'),
('46','sit','11','6'),
('47','at','12','7'),
('48','praesentium','13','8'),
('49','necessitatibus','14','9'),
('50','et','15','10'),
('51','nostrum','16','11'),
('52','ea','17','12'),
('53','qui','18','13'),
('54','et','19','14'),
('55','at','20','15'),
('56','sequi','21','16'),
('57','sed','22','17'),
('58','est','23','18'),
('59','enim','24','19'),
('60','iste','25','20'),
('61','est','26','21'),
('62','non','27','22'),
('63','vel','28','23'),
('64','quia','29','24'),
('65','et','30','25'),
('66','ad','31','26'),
('67','repellat','32','27'),
('68','nemo','33','28'),
('69','earum','34','29'),
('70','molestiae','35','30'),
('71','laudantium','1','31'),
('72','ad','2','32'),
('73','repellendus','3','33'),
('74','sequi','4','34'),
('75','iste','5','35'),
('76','occaecati','6','36'),
('77','odit','7','37'),
('78','corporis','8','38'),
('79','tempora','9','39'),
('80','quos','10','40'),
('81','id','11','1'),
('82','eos','12','2'),
('83','consectetur','13','3'),
('84','praesentium','14','4'),
('85','excepturi','15','5'),
('86','nesciunt','16','6'),
('87','est','17','7'),
('88','culpa','18','8'),
('89','eius','19','9'),
('90','praesentium','20','10'),
('91','delectus','21','11'),
('92','voluptas','22','12'),
('93','voluptatum','23','13'),
('94','similique','24','14'),
('95','nesciunt','25','15'),
('96','ex','26','16'),
('97','praesentium','27','17'),
('98','autem','28','18'),
('99','tempore','29','19'),
('100','eveniet','30','20'),
('101','dolorum','31','21'),
('102','ducimus','32','22'),
('103','minima','33','23'),
('104','reprehenderit','34','24'),
('105','voluptates','35','25'),
('106','debitis','1','26'),
('107','voluptas','2','27'),
('108','alias','3','28'),
('109','a','4','29'),
('110','nemo','5','30'),
('111','sint','6','31'),
('112','ipsam','7','32'),
('113','dolore','8','33'),
('114','eum','9','34'),
('115','provident','10','35'),
('116','possimus','11','36'),
('117','ea','12','37'),
('118','possimus','13','38'),
('119','quia','14','39'),
('120','sapiente','15','40'),
('121','at','16','1'),
('122','provident','17','2'),
('123','inventore','18','3'),
('124','a','19','4'),
('125','fugit','20','5'),
('126','illum','21','6'),
('127','modi','22','7'),
('128','et','23','8'),
('129','qui','24','9'),
('130','illo','25','10'),
('131','aut','26','11'),
('132','quo','27','12'),
('133','provident','28','13'),
('134','temporibus','29','14'),
('135','deserunt','30','15'),
('136','adipisci','31','16'),
('137','quas','32','17'),
('138','quo','33','18'),
('139','in','34','19'),
('140','omnis','35','20'),
('141','alias','1','21'),
('142','nemo','2','22'),
('143','omnis','3','23'),
('144','ut','4','24'),
('145','recusandae','5','25'),
('146','occaecati','6','26'),
('147','animi','7','27'),
('148','incidunt','8','28'),
('149','quasi','9','29'),
('150','eum','10','30'); 


DROP TABLE IF EXISTS `users`;
CREATE TABLE `users` (
  `id` bigint(20) unsigned NOT NULL AUTO_INCREMENT,
  `firstname` varchar(50) COLLATE utf8_unicode_ci DEFAULT NULL,
  `lastname` varchar(50) COLLATE utf8_unicode_ci DEFAULT NULL COMMENT '',
  `email` varchar(120) COLLATE utf8_unicode_ci DEFAULT NULL,
  `phone` bigint(20) DEFAULT NULL,
  PRIMARY KEY (`id`),
  UNIQUE KEY `email` (`email`),
  KEY `users_phone_idx` (`phone`),
  KEY `users_firstname_lastname_idx` (`firstname`,`lastname`)
) ENGINE=InnoDB AUTO_INCREMENT=36 DEFAULT CHARSET=utf8 COLLATE=utf8_unicode_ci;

INSERT INTO `users` VALUES ('1','Cortez','Thiel','hbruen@example.org','1'),
('2','Frederic','D\'Amore','sharvey@example.org','0'),
('3','Dayana','Russel','morissette.jacinto@example.com','628680'),
('4','Elenora','Kiehn','cormier.julia@example.org','604088'),
('5','Fabiola','Hirthe','bechtelar.laura@example.net','8641712126'),
('6','Jeremy','Bechtelar','nathan.hirthe@example.com','0'),
('7','Kirstin','Cartwright','greenholt.antonetta@example.com','813295'),
('8','Lewis','Grimes','keegan.crooks@example.com','0'),
('9','Alba','Hickle','caleigh.rodriguez@example.net','729651'),
('10','Hilda','Parisian','rkunde@example.com','0'),
('11','Nelda','Zulauf','isaac12@example.org','110107'),
('12','Emelie','Bartell','darrion.lesch@example.org','58'),
('13','Raquel','Wiza','genoveva55@example.net','0'),
('14','Lafayette','Gutkowski','joey04@example.net','0'),
('15','Jeanie','Raynor','jenkins.kayla@example.net','0'),
('16','Maryam','Boyle','athena.rippin@example.net','0'),
('17','Jake','Ruecker','anderson.natalie@example.net','0'),
('18','Hilbert','Cummerata','vheaney@example.com','0'),
('19','Phoebe','Parisian','felicia70@example.net','215'),
('20','Garfield','Hane','edward17@example.net','0'),
('21','Joyce','Shanahan','zo\'reilly@example.com','0'),
('22','Maximillia','Terry','nanderson@example.org','610'),
('23','Manuela','Kutch','raina47@example.com','74'),
('24','Cade','Dooley','patricia41@example.org','0'),
('25','Dayana','Legros','jay.tromp@example.com','7'),
('26','Norwood','Terry','reinger.stephen@example.com','1'),
('27','Michael','Wolff','gilbert89@example.org','1'),
('28','Thalia','Huel','swift.addison@example.com','566417'),
('29','Aiyana','Thompson','johathan.gleason@example.com','815070'),
('30','Hanna','Carter','veronica00@example.org','7060721551'),
('31','Alessandra','Pfeffer','fquigley@example.net','48'),
('32','Kaela','Greenfelder','mervin23@example.com','80'),
('33','Nicholas','Grant','yrippin@example.net','1'),
('34','Gay','Heidenreich','eosinski@example.com','887678'),
('35','Carolyne','Flatley','jemard@example.org','532'); 


DROP TABLE IF EXISTS `users_communities`;
CREATE TABLE `users_communities` (
  `user_id` bigint(20) unsigned NOT NULL,
  `community_id` bigint(20) unsigned NOT NULL,
  PRIMARY KEY (`user_id`,`community_id`),
  KEY `community_id` (`community_id`),
  CONSTRAINT `users_communities_ibfk_1` FOREIGN KEY (`user_id`) REFERENCES `users` (`id`),
  CONSTRAINT `users_communities_ibfk_2` FOREIGN KEY (`community_id`) REFERENCES `communities` (`id`)
) ENGINE=InnoDB DEFAULT CHARSET=utf8 COLLATE=utf8_unicode_ci;

INSERT INTO `users_communities` VALUES ('1','1'),
('1','6'),
('1','11'),
('2','2'),
('2','7'),
('2','12'),
('3','3'),
('3','8'),
('3','13'),
('4','4'),
('4','9'),
('4','14'),
('5','5'),
('5','10'),
('5','15'),
('6','1'),
('6','6'),
('6','11'),
('7','2'),
('7','7'),
('7','12'),
('8','3'),
('8','8'),
('8','13'),
('9','4'),
('9','9'),
('9','14'),
('10','5'),
('10','10'),
('10','15'),
('11','1'),
('11','6'),
('11','11'),
('12','2'),
('12','7'),
('12','12'),
('13','3'),
('13','8'),
('13','13'),
('14','4'),
('14','9'),
('14','14'),
('15','5'),
('15','10'),
('15','15'),
('16','1'),
('16','6'),
('16','11'),
('17','2'),
('17','7'),
('17','12'),
('18','3'),
('18','8'),
('18','13'),
('19','4'),
('19','9'),
('19','14'),
('20','5'),
('20','10'),
('20','15'),
('21','1'),
('21','6'),
('21','11'),
('22','2'),
('22','7'),
('22','12'),
('23','3'),
('23','8'),
('23','13'),
('24','4'),
('24','9'),
('24','14'),
('25','5'),
('25','10'),
('25','15'),
('26','1'),
('26','6'),
('26','11'),
('27','2'),
('27','7'),
('27','12'),
('28','3'),
('28','8'),
('28','13'),
('29','4'),
('29','9'),
('29','14'),
('30','5'),
('30','10'),
('30','15'),
('31','1'),
('31','6'),
('32','2'),
('32','7'),
('33','3'),
('33','8'),
('34','4'),
('34','9'),
('35','5'),
('35','10'); 




/*!40101 SET SQL_MODE=@OLD_SQL_MODE */;
/*!40014 SET FOREIGN_KEY_CHECKS=@OLD_FOREIGN_KEY_CHECKS */;
/*!40014 SET UNIQUE_CHECKS=@OLD_UNIQUE_CHECKS */;
/*!40101 SET CHARACTER_SET_CLIENT=@OLD_CHARACTER_SET_CLIENT */;
/*!40101 SET CHARACTER_SET_RESULTS=@OLD_CHARACTER_SET_RESULTS */;
/*!40101 SET COLLATION_CONNECTION=@OLD_COLLATION_CONNECTION */;
/*!40111 SET SQL_NOTES=@OLD_SQL_NOTES */;

